0.4	0.4	0.4	0.4	0.25	0.25	0.3	0.25	0.25	0.3	0.5	-0.0	0.0
0.4	0.4	0.4	0.4	0.25	0.25	0.3	0.25	0.25	0.3	0.5	-0.0	0.0
0.4	0.4	0.4	0.4	0.25	0.25	0.3	0.25	0.25	0.3	0.5	-0.0	0.0
0.4	0.4	0.4	0.4	0.25	0.25	0.3	0.25	0.25	0.3	0.5	-0.0	0.0
0.4	0.4	0.4	0.4	0.25	0.25	0.3	0.25	0.25	0.3	0.5	-0.0	0.0
0.4	0.4	0.4	0.4	0.25	0.25	0.3	0.25	0.25	0.3	0.5	-0.0	0.0
0.4	0.4	0.4	0.4	0.25	0.25	0.3	0.25	0.25	0.3	0.5	-0.0	0.0
0.4	0.4	0.4	0.4	0.25	0.25	0.3	0.25	0.25	0.3	0.5	-0.0	0.0
0.4	0.4	0.4	0.4	0.25	0.25	0.3	0.25	0.25	0.3	0.5	-0.0	0.0
0.4	0.4	0.4	0.4	0.25	0.25	0.3	0.25	0.25	0.3	0.5	-0.0	0.0
0.3	0.3	0.5	0.3	0.25	0.25	0.3	0.25	0.25	0.3	0.5	0.0	0.2
0.3	0.3	0.5	0.3	0.25	0.25	0.3	0.25	0.25	0.3	0.5	-0.0	0.2
0.3	0.3	0.5	0.3	0.25	0.25	0.3	0.25	0.25	0.3	0.5	0.0	0.2
0.3	0.3	0.5	0.3	0.25	0.25	0.3	0.25	0.25	0.3	0.5	-0.0	0.2
0.3	0.3	0.5	0.3	0.25	0.25	0.3	0.25	0.25	0.3	0.5	0.0	0.2
0.3	0.3	0.5	0.3	0.25	0.25	0.3	0.25	0.25	0.3	0.5	-0.0	0.2
0.3	0.3	0.5	0.3	0.25	0.25	0.3	0.25	0.25	0.3	0.5	0.0	0.2
0.3	0.3	0.5000000000000019	0.3	0.25	0.2500000000000019	0.3	0.25	0.2500000000000019	0.3	0.5	-0.0	0.2000000000000019
0.3	0.3	0.500000000000002	0.3	0.2499999999999974	0.2500000000000046	0.3	0.2499999999999974	0.2500000000000046	0.3	0.5	-0.0	0.20000000000000184
0.3	0.3	0.4999999999999999	0.3	0.24999999999999528	0.2500000000000046	0.3	0.24999999999999528	0.2500000000000046	0.3	0.5	0.0	0.0399999999999987
0.3	0.3	0.5000000000000013	0.3	0.24999999999999578	0.25000000000000533	0.3	0.24999999999999578	0.25000000000000533	0.3	0.5	-0.0	-0.0
0.3	0.3	0.5000000000000011	0.3	0.24999999999999578	0.25000000000000533	0.3	0.249999999999996	0.25000000000000533	0.3	0.5	-0.0	-0.0
0.3	0.3	0.5000000000000012	0.3	0.24999999999999578	0.25000000000000544	0.3	0.249999999999996	0.25000000000000544	0.3	0.5	-0.0	-0.0
0.3	0.3	0.4999999999999998	0.3	0.24999999999999578	0.250000000000004	0.3	0.249999999999996	0.250000000000004	0.3	0.5	-0.0	-0.0
0.3	0.3	0.5	0.3	0.249999999999996	0.250000000000004	0.3	0.249999999999996	0.250000000000004	0.3	0.5	-0.0	-0.0
0.3	0.3	0.5000000000000002	0.3	0.24999999999999623	0.250000000000004	0.3	0.24999999999999623	0.250000000000004	0.3	0.5	-0.0	-0.0
0.3	0.3	0.5000000000000002	0.3	0.24999999999999623	0.250000000000004	0.3	0.249999999999996	0.250000000000004	0.3	0.5	-0.0	-0.0
0.3	0.3	0.5000000000000002	0.3	0.24999999999999623	0.250000000000004	0.3	0.249999999999996	0.250000000000004	0.3	0.5	-0.0	-0.0
0.3	0.3	0.38000000000000766	0.4199999999999923	0.25	0.25	0.3	0.25	0.25	0.3	0.5	0.0	-0.0
0.3	0.3	0.35	0.49999999999999994	0.25000000000000006	0.3	0.3	0.25000000000000006	0.3	0.3	0.5	0.04999999999999999	0.04999999999999999
0.3	0.3	0.3500000000000009	0.5	0.25	0.30000000000000093	0.3	0.25000000000000006	0.30000000000000093	0.3	0.5	0.05000000000000093	0.05000000000000093
0.3	0.3	0.35	0.49999999999999933	0.24999999999999942	0.3	0.3	0.24999999999999942	0.3	0.3	0.5	0.049999999999999406	0.049999999999999406
0.3	0.3	0.35	0.5000000000000004	0.24999999999999933	0.30000000000000127	0.3	0.24999999999999942	0.30000000000000127	0.3	0.5	0.050000000000000794	0.050000000000000794
0.3	0.3	0.350000000000001	0.4999999999999996	0.24999999999999933	0.30000000000000127	0.3	0.24999999999999956	0.30000000000000127	0.3	0.5	0.050000000000000794	0.050000000000000794
0.3	0.3	0.35	0.4999999999999798	0.24999999999999933	0.29999999999998045	0.3	0.24999999999999956	0.29999999999998045	0.3	0.5	0.049999999999980005	0.049999999999980005
0.3	0.3	0.35	0.5000000000000198	0.24999999999999933	0.30000000000002036	0.3	0.24999999999999956	0.30000000000002036	0.3	0.5	0.05000000000001992	0.05000000000001992
0.3	0.3	0.35	0.49999999999999944	0.24999999999999933	0.30000000000000043	0.3	0.24999999999999956	0.30000000000000043	0.3	0.5	0.04999999999999999	0.04999999999999999
0.3	0.3	0.35	0.4200000000000091	0.24999999999995914	0.22000000000005	0.3	0.24999999999995914	0.3000000000000409	0.3	0.5	0.04999999999999999	0.04999999999999999
0.3	0.3	0.35	0.3	0.24999999999995914	0.10000000000004089	0.3	0.24999999999995914	0.3000000000000409	0.3	0.5	0.04999999999999999	0.04999999999999999
0.3	0.3	0.35	0.3	0.24999999999995914	0.10000000000004083	0.3	0.24999999999995914	0.30000000000004085	0.3	0.5	0.04999999999999999	0.04999999999999999
0.3	0.3	0.35	0.3	0.24999999999995914	0.10000000000004083	0.3	0.24999999999995914	0.30000000000004085	0.3	0.5	0.04999999999999999	0.04999999999999999
0.3	0.3	0.35	0.3	0.24999999999995137	0.10000000000004855	0.3	0.2499999999999576	0.30000000000004245	0.3	0.5	0.04999999999999999	0.04999999999999999
0.3	0.3	0.349999999999945	0.3	0.24999999999995137	0.09999999999999368	0.3	0.24999999999994524	0.3	0.3	0.5	0.04999999999994506	0.04999999999994506
0.3	0.3	0.3499999999999388	0.3	0.24999999999994524	0.09999999999999368	0.3	0.24999999999994524	0.29999999999999344	0.3	0.5	0.049999999999938816	0.049999999999938816
0.3	0.3	0.34999999999994497	0.3	0.24999999999994524	0.09999999999999981	0.3	0.24999999999994538	0.2999999999999996	0.3	0.5	0.04999999999994498	0.04999999999994498
0.3	0.3	0.34999999999994524	0.3	0.24999999999994538	0.09999999999999981	0.3	0.24999999999994538	0.2999999999999999	0.3	0.5	0.049999999999945255	0.049999999999945255
0.3	0.3	0.35	0.3	0.20999999999995428	0.1400000000000457	0.3	0.24999999999994538	0.30000000000005467	0.3	0.5	0.04999999999999999	0.04999999999999999
0.3	0.3	0.35000000000000003	0.3	0.049999999999945366	0.30000000000005467	0.3	0.24999999999994538	0.30000000000005467	0.3	0.5	0.050000000000000044	0.050000000000000044
0.3	0.3	0.35	0.3	0.04999999999994614	0.300000000000054	0.3	0.24999999999994604	0.300000000000054	0.3	0.5	0.04999999999999999	0.04999999999999999
0.3	0.3	0.3500000000000037	0.3	0.05000000000000371	0.3	0.3	0.2500000000000039	0.3	0.3	0.5	0.05000000000000369	0.05000000000000369
0.3	0.3	0.3500000000000001	0.3	0.05000000000000007	0.3	0.3	0.24999999999999986	0.30000000000000004	0.3	0.5	0.05000000000000013	0.05000000000000013
0.3	0.3	0.3499999999999998	0.3	0.04999999999999982	0.3	0.3	0.24999999999999986	0.3	0.3	0.5	0.04999999999999982	0.04999999999999982
0.3	0.3	0.3499999999999998	0.3	0.0499999999999997	0.3000000000000001	0.3	0.25	0.3	0.3	0.5	0.04999999999999982	0.04999999999999982
0.3	0.3	0.3499999999999998	0.3	0.04999999999999977	0.3000000000000001	0.3	0.25000000000000033	0.2999999999999995	0.3	0.5	0.04999999999999982	0.04999999999999982
0.3	0.3	0.3500000000000003	0.3	0.050000000000000044	0.30000000000000027	0.3	0.25	0.30000000000000027	0.3	0.5	0.050000000000000266	0.050000000000000266
0.3	0.3	0.35000000000000026	0.3	0.050000000000000266	0.3	0.3	0.2500000000000003	0.3	0.3	0.5	0.050000000000000266	0.050000000000000266
0.3	0.3	0.35	0.3	0.24999999999999217	0.3	0.3	0.25	0.3	0.3	0.5	0.04999999999999999	0.04999999999999999
0.3	0.3	0.35	0.3	0.25	0.2999999999999998	0.3	0.25	0.2999999999999998	0.3	0.5	0.04999999999999999	0.04999999999999999
0.3	0.3	0.35	0.3	0.25	0.3	0.3	0.25	0.3	0.3	0.5	0.04999999999999999	0.04999999999999999
0.3	0.3	0.35	0.3	0.25	0.2999999999999998	0.3	0.25	0.2999999999999998	0.3	0.5	0.04999999999999999	0.04999999999999999
0.3	0.3	0.35	0.3	0.25	0.2999999999999998	0.3	0.25	0.2999999999999998	0.3	0.5	0.04999999999999999	0.04999999999999999
0.3	0.3	0.350000000000001	0.3	0.25	0.30000000000000093	0.3	0.25	0.30000000000000093	0.3	0.5	0.05000000000000093	0.05000000000000093
0.3	0.3	0.3500000000000009	0.3	0.25	0.30000000000000115	0.3	0.25	0.30000000000000115	0.3	0.5	0.05000000000000093	0.05000000000000093
0.3	0.3	0.3500000000000009	0.3	0.25	0.30000000000000115	0.3	0.25	0.30000000000000115	0.3	0.5	0.05000000000000093	0.05000000000000093
0.3	0.3	0.3500000000000009	0.3	0.25	0.30000000000000115	0.3	0.25	0.30000000000000115	0.3	0.5	0.05000000000000093	0.05000000000000093
0.3	0.3	0.3500000000000009	0.3	0.25	0.14000000000000828	0.3	0.25	0.14000000000000828	0.3	0.5	0.05000000000000093	0.05000000000000093
0.3	0.3	0.35000000000000203	0.3	0.25	0.10000000000000203	0.3	0.25	0.10000000000000203	0.3	0.5	0.05000000000000204	0.05000000000000204
0.3	0.3	0.35000000000000203	0.3	0.25000000000000105	0.10000000000000103	0.3	0.25000000000000105	0.10000000000000103	0.3	0.5	0.05000000000000204	0.05000000000000204
0.3	0.3	0.35000000000000003	0.3	0.25000000000000105	0.09999999999999903	0.3	0.25000000000000105	0.09999999999999903	0.3	0.5	0.050000000000000044	0.050000000000000044
0.3	0.3	0.35	0.3	0.25000000000000094	0.09999999999999903	0.3	0.25000000000000094	0.09999999999999903	0.3	0.5	0.04999999999999999	0.04999999999999999
0.3	0.3	0.35	0.3	0.25000000000000094	0.09999999999999903	0.3	0.25000000000000094	0.09999999999999903	0.3	0.5	0.04999999999999999	0.04999999999999999
0.3	0.3	0.35	0.3	0.25000000000000094	0.09999999999999903	0.3	0.25000000000000094	0.09999999999999903	0.3	0.5	0.04999999999999999	0.04999999999999999
0.3	0.3	0.35	0.3	0.25000000000000094	0.09999999999999903	0.3	0.25000000000000094	0.09999999999999903	0.3	0.5	0.04999999999999999	0.04999999999999999
0.3	0.3	0.35	0.3	0.2500000000000028	0.09999999999999731	0.3	0.2500000000000028	0.09999999999999731	0.3	0.5	0.04999999999999999	0.04999999999999999
0.3	0.3	0.35	0.3	0.25000000000000017	0.2199999999999928	0.18000000000000704	0.25000000000000017	0.2199999999999928	0.3	0.5	0.04999999999999999	0.04999999999999999
0.3	0.3	0.35	0.3	0.25000000000000017	0.2999999999999998	0.09999999999999992	0.25000000000000017	0.2999999999999998	0.3	0.5	0.04999999999999999	0.04999999999999999
0.3	0.3	0.35	0.3	0.25000000000000017	0.2999999999999998	0.09999999999999992	0.25000000000000017	0.2999999999999998	0.3	0.5	0.04999999999999999	0.04999999999999999
0.3	0.3	0.35	0.3	0.25000000000000017	0.2999999999999998	0.09999999999999998	0.25000000000000017	0.2999999999999998	0.3	0.5	0.04999999999999999	0.04999999999999999
0.3	0.3	0.3500000000000087	0.3	0.25000000000000017	0.30000000000000854	0.10000000000000009	0.25000000000000017	0.30000000000000854	0.3	0.5	0.050000000000008704	0.050000000000008704
0.3	0.3	0.3500000000000087	0.3	0.25000000000000017	0.30000000000000854	0.09999999999999998	0.25000000000000017	0.30000000000000854	0.3	0.5	0.050000000000008704	0.050000000000008704
0.3	0.3	0.3500000000000087	0.3	0.25000000000000017	0.30000000000000854	0.09999999999999998	0.25000000000000017	0.30000000000000854	0.3	0.5	0.050000000000008704	0.050000000000008704
0.3	0.3	0.3500000000000087	0.3	0.25000000000000017	0.30000000000000854	0.10000000000000003	0.25000000000000017	0.30000000000000854	0.3	0.5	0.050000000000008704	0.050000000000008704
0.3	0.3	0.3500000000000087	0.3	0.25000000000000017	0.30000000000000854	0.09999999999999998	0.25000000000000017	0.30000000000000854	0.3	0.5	0.050000000000008704	0.050000000000008704
0.3	0.3	0.3500000000000087	0.3	0.25000000000000017	0.2200000000000149	0.1799999999999936	0.25000000000000017	0.2200000000000149	0.3	0.42000000000000637	0.050000000000008704	0.050000000000008704
0.3	0.3	0.3500000000000087	0.3	0.25000000000000017	0.10000000000000853	0.3	0.25000000000000017	0.10000000000000853	0.3	0.3	0.050000000000008704	0.050000000000008704
0.3	0.3	0.3500000000000087	0.3	0.25000000000000894	0.09999999999999976	0.3	0.25000000000000894	0.09999999999999976	0.3	0.3	0.050000000000008704	0.050000000000008704
0.3	0.3	0.3500000000000087	0.3	0.2500000000000176	0.0999999999999911	0.3	0.2500000000000176	0.0999999999999911	0.3	0.3	0.050000000000008704	0.050000000000008704
0.3	0.3	0.3500000000000087	0.3	0.25000000000002626	0.09999999999998244	0.3	0.25000000000002626	0.09999999999998244	0.3	0.3	0.050000000000008704	0.050000000000008704
0.3	0.3	0.3500000000000087	0.3	0.2500000000000349	0.09999999999997378	0.3	0.2500000000000349	0.09999999999997378	0.3	0.3	0.050000000000008704	0.050000000000008704
0.3	0.3	0.3500000000000087	0.3	0.2500000000000436	0.09999999999996512	0.3	0.2500000000000436	0.09999999999996512	0.3	0.3	0.050000000000008704	0.050000000000008704
0.3	0.3	0.3500000000000087	0.3	0.25000000000005224	0.09999999999995646	0.3	0.25000000000005224	0.09999999999995646	0.3	0.3	0.050000000000008704	0.050000000000008704
0.3	0.3	0.3500000000000087	0.3	0.2500000000000609	0.0999999999999478	0.3	0.2500000000000609	0.0999999999999478	0.3	0.3	0.050000000000008704	0.050000000000008704
0.3	0.3	0.3500000000000087	0.3	0.25000000000006956	0.09999999999993914	0.3	0.25000000000006956	0.09999999999993914	0.3	0.3	0.050000000000008704	0.050000000000008704
0.3	0.3	0.3500000000000087	0.3	0.2500000000000782	0.09999999999993048	0.3	0.2500000000000782	0.09999999999993048	0.3	0.3	0.050000000000008704	0.050000000000008704
0.3	0.3	0.3500000000000087	0.3	0.2500000000000869	0.09999999999992182	0.3	0.2500000000000869	0.09999999999992182	0.3	0.3	0.050000000000008704	0.050000000000008704
0.3	0.3	0.3500000000000087	0.3	0.25000000000009553	0.09999999999991316	0.3	0.25000000000009553	0.09999999999991316	0.3	0.3	0.050000000000008704	0.050000000000008704
0.3	0.3	0.3500000000000087	0.3	0.2500000000001042	0.0999999999999045	0.3	0.2500000000001042	0.0999999999999045	0.3	0.3	0.050000000000008704	0.050000000000008704
0.3	0.3	0.3500000000000087	0.3	0.25000000000011285	0.09999999999989584	0.3	0.25000000000011285	0.09999999999989584	0.3	0.3	0.050000000000008704	0.050000000000008704
0.3	0.3	0.3500000000000087	0.3	0.2500000000001215	0.09999999999988718	0.3	0.2500000000001215	0.09999999999988718	0.3	0.3	0.050000000000008704	0.050000000000008704
0.3	0.3	0.3500000000000087	0.3	0.2500000000001302	0.09999999999987852	0.3	0.2500000000001302	0.09999999999987852	0.3	0.3	0.050000000000008704	0.050000000000008704
1.2389999999999999	0.5069999999999999	1.032	0.3	0.375	0.375	0.375	0.3	0.3	0.3	0.5	0.0	0.0
1.2389999999999999	0.5069999999999999	1.032	0.29999999999999993	0.375	0.375	0.375	0.3	0.3	0.3	0.5	0.0	0.0
1.2389999999999999	0.5069999999999999	1.032	0.29999999999999993	0.375	0.375	0.375	0.3	0.3	0.3	0.5	0.0	0.0
1.239	0.5069999999999999	1.032	0.29999999999999993	0.375	0.375	0.375	0.3	0.3	0.3	0.5	0.0	0.0
1.239	0.5070000000000001	1.032	0.30000000000000004	0.375	0.375	0.375	0.3	0.3	0.3	0.5	0.0	0.0
1.239	0.5070000000000001	1.032	0.30000000000000004	0.375	0.375	0.375	0.3	0.3	0.3	0.5	0.0	0.0
1.239	0.5070000000000001	1.032	0.30000000000000004	0.375	0.375	0.375	0.3	0.3	0.3	0.5	0.0	0.0
1.239	0.5070000000000001	1.032	0.30000000000000004	0.375	0.375	0.375	0.3	0.3	0.3	0.5	0.0	0.0
1.2159999999999997	0.4609999999999994	1.032	0.2769999999999997	0.375	0.375	0.375	0.3	0.3	0.3	0.5	0.0	0.0
1.032	0.09299999999999997	1.032	0.09299999999999997	0.375	0.375	0.375	0.3	0.3	0.3	0.5	0.0	0.0
1.032	0.09299999999999997	1.032	0.09299999999999997	0.375	0.375	0.375	0.3	0.3	0.3	0.5	0.0	0.0
1.032	0.09299999999999997	1.032	0.09299999999999997	0.375	0.375	0.375	0.3	0.3	0.3	0.5	0.0	0.0
1.032	0.09299999999999997	1.032	0.09299999999999997	0.375	0.375	0.375	0.3	0.3	0.3	0.5	0.0	0.0
1.032	0.09299999999999997	1.032	0.09299999999999997	0.375	0.375	0.375	0.3	0.3	0.3	0.5	0.0	0.0
1.032	0.09299999999999997	1.032	0.09299999999999997	0.375	0.375	0.375	0.3	0.3	0.3	0.5	0.0	0.0
1.032	0.09299999999999997	1.032	0.09299999999999997	0.375	0.375	0.375	0.3	0.3	0.3	0.5	0.0	0.0
1.032	0.09299999999999997	1.032	0.09299999999999997	0.375	0.375	0.375	0.3	0.3	0.3	0.5	0.0	0.0
1.032	0.09299999999999997	1.032	0.09299999999999997	0.375	0.375	0.375	0.3	0.3	0.3	0.5	0.0	0.0
1.032	0.09299999999999997	1.032	0.09299999999999997	0.375	0.375	0.375	0.23999999999999977	0.2999999999999998	0.3	0.5	0.0	0.0
1.032	0.09299999999999997	1.032	0.09299999999999997	0.375	0.375	0.375	0.20000000000000084	0.29999999999999916	0.3	0.5	0.0	0.0
