case_final;case_final;case_final;case_final;case_final;case_final;case_final;case_final;case_final;case_final;case_final;case_final;case_final;case_final;
 [m];Pressure [Line 1] [bara]; [m];Pressure [Line 2] [bara]; [m];Pressure [Mainline] [bara]; [m];Pressure [Wellbore1] [bara]; [m];Pressure [Wellbore2] [bara]; [m];Pressure [Wellbore3] [bara]; [m];Pressure [Wellbore4] [bara];
50;163,0212459787529;50;163,0212459787628;50,00147926805847;185,1109826279321;10;244,1416639223075;10;244,1416639223075;10;244,1416639222761;10;244,141663922276;
150;163,2699094124629;150;163,2699094124727;150,0044378041754;185,1437229050693;30;242,5314860392172;30;242,5314860392172;30;242,5314860391871;30;242,531486039187;
250;163,5185241849377;250;163,5185241849475;250,0073963402924;185,1764592316306;50;240,9220374252108;50;240,9220374252108;50;240,922037425182;50;240,9220374251819;
350;163,7670903941373;350;163,767090394147;350,0103548764093;185,209191609242;70;239,3133574035155;70;239,3133574035155;70;239,313357403488;70;239,3133574034879;
450;164,0156081371823;450;164,0156081371919;450,0133134125263;185,2419200394905;90;237,7054510576899;90;237,7054510576899;90;237,7054510576637;90;237,7054510576637;
550;164,2640775101468;550;164,2640775101563;550,0162719486432;185,2746445239303;110;236,0983234965828;110;236,0983234965827;110;236,0983234965577;110;236,0983234965577;
650;164,5124986084052;650;164,5124986084146;650,0192304847601;185,3073650640881;130;234,4919798528741;130;234,4919798528741;130;234,4919798528503;130;234,4919798528503;
750;164,7608715260942;750;164,7608715261036;750,022189020877;185,3400816614678;150;232,8864252832743;150;232,8864252832743;150;232,8864252832517;150;232,8864252832517;
850;165,0091963568631;850;165,0091963568724;850,0251475569939;185,3727943175541;170;231,2816649689273;170;231,2816649689273;170;231,2816649689058;170;231,2816649689058;
950;165,2574731937132;950;165,2574731937224;950,0281060931109;185,4055030337032;190;229,6777041155096;190;229,6777041155096;190;229,6777041154892;190;229,6777041154892;
1050;165,5057021290777;1050;165,5057021290868;1050,031064629228;185,4382078112581;210;228,0745479534368;210;228,0745479534368;210;228,0745479534175;210;228,0745479534175;
1150;165,7538832550917;1150;165,7538832551007;1150,034023165345;185,4709086517734;230;226,4722017381817;230;226,4722017381817;230;226,4722017381635;230;226,4722017381634;
1250;166,0020166628904;1250;166,0020166628994;1250,036981701462;185,5036055567938;250;224,8706707502643;250;224,8706707502642;250;224,8706707502471;250;224,8706707502471;
1350;166,2501024435042;1350;166,250102443513;1350,039940237579;185,5362985277438;270;223,2699602954675;270;223,2699602954675;270;223,2699602954514;270;223,2699602954514;
1450;166,4981406876808;1450;166,4981406876895;1450,042898773695;185,5689875660404;290;221,6700757052692;290;221,6700757052692;290;221,6700757052541;290;221,6700757052542;
1550;166,7461314853378;1550;166,7461314853465;1550,045857309813;185,601672673094;310;220,0710223369504;310;220,0710223369504;310;220,0710223369363;310;220,0710223369363;
1650;166,9940749262314;1650;166,99407492624;1650,048815845929;185,6343538503096;330;218,4728055739276;330;218,4728055739276;330;218,4728055739145;330;218,4728055739145;
1750;167,2419710997598;1750;167,2419710997682;1750,051774382046;185,6670310990868;350;216,8754308257529;350;216,8754308257529;350;216,8754308257408;350;216,8754308257408;
1850;167,4898200949494;1850;167,4898200949578;1850,054732918163;185,6997044208208;370;215,2789035283417;370;215,2789035283416;370;215,2789035283304;370;215,2789035283304;
1950;167,7376220007145;1950;167,7376220007228;1950,05769145428;185,7323738170043;390;213,6832291444211;390;213,6832291444211;390;213,6832291444108;390;213,6832291444108;
2050;167,9853769051784;2050;167,9853769051866;2050,060649990397;185,765039288711;410;212,0884131637728;410;212,0884131637729;410;212,0884131637634;410;212,0884131637634;
2150;168,2330848963595;2150;168,2330848963676;2150,063608526514;185,7977008373443;430;210,4944611032247;430;210,4944611032247;430;210,4944611032161;430;210,4944611032162;
2250;168,4807460621683;2250;168,4807460621764;2250,066567062631;185,8303584642852;450;208,9013785068962;450;208,9013785068962;450;208,9013785068886;450;208,9013785068886;
2350;168,7283604897406;2350;168,7283604897487;2350,069525598748;185,8630121709119;470;207,3091709466683;470;207,3091709466683;470;207,3091709466616;470;207,3091709466616;
2450;168,9759282661167;2450;168,9759282661246;2450,072484134866;185,8956619583739;490;205,7178440224344;490;205,7178440224343;490;205,7178440224285;490;205,7178440224285;
2550;169,2234494782155;2550;169,2234494782233;2550,075442670983;185,9283078280446;510;204,1274033621027;510;204,1274033621027;510;204,1274033620976;510;204,1274033620976;
2650;169,4709242121876;2650;169,4709242121953;2650,0784012071;185,9609497815194;530;202,5378546218521;530;202,5378546218521;530;202,5378546218478;530;202,5378546218478;
2750;169,7183525540639;2750;169,7183525540714;2750,081359743217;185,9935878201662;550;200,9492034867487;550;200,9492034867487;550;200,9492034867451;550;200,9492034867451;
2850;169,9657345897461;2850;169,9657345897535;2850,084318279334;186,02622194535;570;199,3614556706369;570;199,3614556706369;570;199,3614556706341;570;199,3614556706341;
2950;170,2130704043178;2950;170,2130704043251;2950,087276815451;186,058852158434;590;197,7746169164024;590;197,7746169164024;590;197,7746169164003;590;197,7746169164003;
3050;170,4603600827141;3050;170,4603600827213;3050,090235351568;186,0914784607792;610;196,1886929966087;610;196,1886929966087;610;196,1886929966073;610;196,1886929966074;
3150;170,7076037101309;3150;170,707603710138;3150,093193887686;186,1241008537438;630;194,6036897133956;630;194,6036897133956;630;194,603689713395;630;194,603689713395;
3250;170,9548013906692;3250;170,9548013906762;3250,096152423803;186,1567193387927;650;193,0196128987554;650;193,0196128987555;650;193,0196128987555;650;193,0196128987555;
3350;171,2019532162322;3350;171,2019532162391;3350,09911095992;186,1893339169445;670;191,4364684151848;670;191,4364684151848;670;191,4364684151856;670;191,4364684151856;
3450;171,4490592622326;3450;171,4490592622393;3450,102069496037;186,2219445895718;690;189,8542621555954;690;189,8542621555954;690;189,8542621555969;690;189,8542621555968;
3550;171,696119611134;3550;171,6961196111408;3550,105028032154;186,2545513580245;710;188,2730000435882;710;188,2730000435882;710;188,2730000435902;710;188,2730000435902;
3650;171,9431343429918;3650;171,9431343429983;3650,107986568271;186,2871542236507;730;186,6926880341375;730;186,6926880341375;730;186,6926880341402;730;186,6926880341402;
3750;172,1901035414089;3750;172,1901035414152;3750,110945104389;186,3197531876827;750;185,1133321135;750;185,1133321135001;750;185,1133321135034;750;185,1133321135034;
3850;172,4370272859103;3850;172,4370272859166;3850,113903640506;186,3523482514647;770;183,5349382996486;770;183,5349382996486;770;183,5349382996526;770;183,5349382996526;
3950;172,6839056591397;3950;172,6839056591459;3950,116862176623;186,3849394164516;790;181,9575126425731;790;181,9575126425732;790;181,9575126425777;790;181,9575126425777;
4050;172,9307387441263;4050;172,9307387441324;4050,11982071274;186,4175266839831;810;180,3810612244557;810;180,3810612244557;810;180,3810612244608;810;180,3810612244609;
4150;173,1775266238184;4150;173,1775266238243;4150,122779248857;186,4501100552831;830;178,8055901603933;830;178,8055901603933;830;178,805590160399;830;178,805590160399;
4250;173,4242693813401;4250;173,4242693813459;4250,125737784974;186,4826895316874;850;177,2311055983067;850;177,2311055983066;850;177,2311055983129;850;177,2311055983129;
4350;173,6709671000393;4350;173,670967100045;4350,128696321091;186,5152651146431;870;175,6576137194122;870;175,6576137194122;870;175,6576137194189;870;175,6576137194189;
4450;173,9176198636447;4450;173,9176198636502;4450,131654857209;186,5478368054818;890;174,0851207385484;890;174,0851207385484;890;174,0851207385557;890;174,0851207385556;
4550;174,1642277555085;4550;174,1642277555139;4550,134613393326;186,5804046056378;910;172,5136329045129;910;172,5136329045129;910;172,5136329045207;910;172,5136329045207;
4650;174,4107908590921;4650;174,4107908590974;4650,137571929443;186,6129685161131;930;170,943156500401;930;170,943156500401;930;170,9431565004093;930;170,9431565004093;
4750;174,6573092584347;4750;174,6573092584399;4750,14053046556;186,6455285382524;950;169,3736978438225;950;169,3736978438225;950;169,3736978438313;950;169,3736978438313;
4850;174,9037830376335;4850;174,9037830376386;4850,143489001677;186,6780846733795;970;167,8052632876725;970;167,8052632876726;970;167,8052632876818;970;167,8052632876817;
4950;175,1502122811128;4950;175,1502122811179;4950,146447537794;186,7106369228157;990;166,2378592200723;990;166,2378592200724;990;166,237859220082;990;166,237859220082;
5050;175,3965970737069;5050;175,3965970737119;5050,149406073911;186,7431852878802;1010;164,6714920648811;1010;164,6714920648811;1010;164,6714920648912;1010;164,6714920648912;
5150;175,6429375005591;5150;175,6429375005639;5150,152364610029;186,7757297698905;1030;163,1061682820527;1030;163,1061682820527;1030;163,1061682820632;1030;163,1061682820632;
5250;175,8892336478531;5250;175,8892336478578;5250,155323146146;186,808270370162;1050;161,5418943680363;1050;161,5418943680363;1050;161,5418943680473;1050;161,5418943680473;
5350;176,1354856023171;5350;176,1354856023216;5350,158281682263;186,8408070898934;1070;159,9786768561498;1070;159,9786768561498;1070;159,9786768561611;1070;159,9786768561611;
5450;176,3816934514086;5450;176,381693451413;5450,16124021838;186,8733399303967;1090;158,4165223169826;1090;158,4165223169826;1090;158,4165223169943;1090;158,4165223169943;
5550;176,6278572840824;5550;176,6278572840868;5550,164198754497;186,9058688930949;1110;156,8554373587784;1110;156,8554373587785;1110;156,8554373587905;1110;156,8554373587906;
5650;176,8739771905898;5650;176,8739771905939;5650,167157290614;186,9383939792954;1130;155,2954286278357;1130;155,2954286278358;1130;155,2954286278483;1130;155,2954286278483;
5750;177,1200532620782;5750;177,1200532620823;5750,170115826731;186,9709151903035;1150;153,7365028091794;1150;153,7365028091795;1150;153,7365028091922;1150;153,7365028091922;
5850;177,3660855919082;5850;177,3660855919122;5850,173074362849;187,0034325275254;1170;152,1786677889177;1170;152,1786677889177;1170;152,1786677889309;1170;152,1786677889309;
5950;177,6120742759555;5950;177,6120742759593;5950,176032898966;187,0359459919426;1190;150,6261171954688;1190;150,6261171954688;1190;150,6261171954823;1190;150,6261171954823;
6050;177,8580194121232;6050;177,8580194121269;6050,178991435083;187,0684555848734;;;;;;;;;
6150;178,1039211007432;6150;178,1039211007468;6150,1819499712;187,1009613075005;;;;;;;;;
6250;178,3497794458818;6250;178,3497794458852;6250,184908507317;187,1334631611195;;;;;;;;;
6350;178,5955945558676;6350;178,5955945558709;6350,187867043434;187,165961147138;;;;;;;;;
6450;178,8413665428469;6450;178,8413665428501;6450,190825579552;187,1984552668474;;;;;;;;;
6550;179,0870955241211;6550;179,0870955241242;6550,193784115669;187,2309455215369;;;;;;;;;
6650;179,3327816233721;6650;179,332781623375;6650,196742651786;187,2634319124938;;;;;;;;;
6750;179,5784249709515;6750;179,5784249709544;6750,199701187903;187,2959144410035;;;;;;;;;
6850;179,8240257051611;6850;179,8240257051638;6850,20265972402;187,3283931083492;;;;;;;;;
6950;180,0695839736825;6950;180,0695839736851;6950,205618260137;187,3608679158122;;;;;;;;;
7050;180,3150999343493;7050;180,3150999343518;7050,208576796254;187,3933388646721;;;;;;;;;
7150;180,5605737571873;7150;180,5605737571897;7150,211535332372;187,4258059561928;;;;;;;;;
7250;180,8060056266982;7250;180,8060056267005;7250,214493868489;187,4582691913344;;;;;;;;;
7350;181,0513957435679;7350;181,05139574357;7350,217452404606;187,490728571504;;;;;;;;;
7450;181,2967443264762;7450;181,2967443264782;7450,220410940723;187,523184097973;;;;;;;;;
7550;181,5420516159865;7550;181,5420516159883;7550,22336947684;187,5556357720112;;;;;;;;;
7650;181,7873178777814;7650;181,7873178777831;7650,226328012957;187,5880835948861;;;;;;;;;
7750;182,0325434055284;7750;182,03254340553;7750,229286549074;187,6205275678633;;;;;;;;;
7850;182,2777285253838;7850;182,2777285253853;7850,232245085192;187,6529676922065;;;;;;;;;
7950;182,5228736011277;7950;182,522873601129;7950,235203621309;187,6854039691774;;;;;;;;;
8050;182,7679790402763;8050;182,7679790402775;8050,238162157426;187,717836400036;;;;;;;;;
8150;183,013045300186;8150;183,013045300187;8150,241120693543;187,7502649860398;;;;;;;;;
8250;183,2580728951591;8250;183,2580728951601;8250,244079229658;187,782689728445;;;;;;;;;
8350;183,5030624055498;8350;183,5030624055506;8350,247037765777;187,8151106285055;;;;;;;;;
8450;183,748014488183;8450;183,7480144881837;8450,249996301893;187,8475276875736;;;;;;;;;
8550;183,9929298873953;8550;183,9929298873958;8550,252954838012;187,8799409065879;;;;;;;;;
8650;184,2378094477866;8650;184,237809447787;8650,255913374127;187,9123502868153;;;;;;;;;
8750;184,4826541300123;8750;184,4826541300126;8750,258871910246;187,9447558295021;;;;;;;;;
8850;184,7274650272327;8850;184,727465027233;8850,261830446361;187,9771575357773;;;;;;;;;
8950;184,9722336669559;8950;184,972233666956;8950,26478898248;188,0095554068835;;;;;;;;;
;;;;9050,267747518596;188,0419494441767;;;;;;;;;
;;;;9150,270706054715;188,0743396488952;;;;;;;;;
;;;;9250,27366459083;188,106726022276;;;;;;;;;
;;;;9350,276623126949;188,1391085655537;;;;;;;;;
;;;;9450,279581663064;188,1714872799613;;;;;;;;;
;;;;9550,282540199183;188,2038621667297;;;;;;;;;
;;;;9650,285498735298;188,2362332270881;;;;;;;;;
;;;;9750,288457271417;188,268600462247;;;;;;;;;
;;;;9850,291415807533;188,3009638731247;;;;;;;;;
;;;;9950,294374343652;188,3333234610786;;;;;;;;;
;;;;10050,29733287977;188,3656792273301;;;;;;;;;
;;;;10150,30029141589;188,398031173099;;;;;;;;;
;;;;10250,303249952;188,4303792996029;;;;;;;;;
;;;;10350,30620848812;188,4627236080579;;;;;;;;;
;;;;10450,30916702424;188,4950640996777;;;;;;;;;
;;;;10550,31212556035;188,5274007756746;;;;;;;;;
;;;;10650,31508409647;188,5597336372586;;;;;;;;;
;;;;10750,31804263259;188,5920626856381;;;;;;;;;
;;;;10850,3210011687;188,6243879220195;;;;;;;;;
;;;;10950,32395970482;188,6567093476073;;;;;;;;;
;;;;11050,32691824094;188,6890269637012;;;;;;;;;
;;;;11150,32987677706;188,7213407712007;;;;;;;;;
;;;;11250,33283531317;188,7536507713226;;;;;;;;;
;;;;11350,33579384929;188,7859569652639;;;;;;;;;
;;;;11450,33875238541;188,8182593542198;;;;;;;;;
;;;;11550,34171092153;188,8505579393835;;;;;;;;;
;;;;11650,34466945764;188,8828527219463;;;;;;;;;
;;;;11750,34762799376;188,9151437030975;;;;;;;;;
;;;;11850,35058652988;188,9474308840248;;;;;;;;;
;;;;11950,35354506599;188,9797142659137;;;;;;;;;
;;;;12050,35650360211;189,011993849948;;;;;;;;;
;;;;12150,35946213823;189,0442696373095;;;;;;;;;
;;;;12250,36242067434;189,0765416291781;;;;;;;;;
;;;;12350,36537921046;189,1088098268258;;;;;;;;;
;;;;12450,36833774658;189,1410742311375;;;;;;;;;
;;;;12550,3712962827;189,1733348433043;;;;;;;;;
;;;;12650,37425481881;189,2055916644992;;;;;;;;;
;;;;12750,37721335493;189,2378446958925;;;;;;;;;
;;;;12850,38017189105;189,2700939386527;;;;;;;;;
;;;;12950,38313042717;189,3023393939466;;;;;;;;;
;;;;13050,38608896328;189,3345810629391;;;;;;;;;
;;;;13150,3890474994;189,366818946793;;;;;;;;;
;;;;13250,39200603552;189,3990530466694;;;;;;;;;
;;;;13350,39496457163;189,4312833637274;;;;;;;;;
;;;;13450,39792310775;189,4635098991243;;;;;;;;;
;;;;13550,40088164387;189,4957326540155;;;;;;;;;
;;;;13650,40384017998;189,5279516296421;;;;;;;;;
;;;;13750,4067987161;189,5601668268835;;;;;;;;;
;;;;13850,40975725222;189,5923782469057;;;;;;;;;
;;;;13950,41271578834;189,6245858908565;;;;;;;;;
;;;;14050,41567432445;189,6567897598819;;;;;;;;;
;;;;14150,41863286057;189,6889898551261;;;;;;;;;
;;;;14250,42159139669;189,7211861777312;;;;;;;;;
;;;;14350,42454993281;189,7533787288376;;;;;;;;;
;;;;14450,42750846892;189,7855675095838;;;;;;;;;
;;;;14550,43046700504;189,8177525211062;;;;;;;;;
;;;;14650,43342554116;189,8499337645398;;;;;;;;;
;;;;14750,43638407727;189,8821112410173;;;;;;;;;
;;;;14850,43934261339;189,9142849516698;;;;;;;;;
;;;;14950,44230114951;189,9464548977001;;;;;;;;;
;;;;15050,44525968562;189,9786210800062;;;;;;;;;
;;;;15150,44821822174;190,0107834997272;;;;;;;;;
;;;;15250,45117675786;190,0429421579866;;;;;;;;;
;;;;15350,45413529398;190,0750970559062;;;;;;;;;
;;;;15450,45709383009;190,1072481946058;;;;;;;;;
;;;;15550,46005236621;190,1393955752033;;;;;;;;;
;;;;15650,46301090233;190,171539198815;;;;;;;;;
;;;;15750,46596943845;190,2036790665551;;;;;;;;;
;;;;15850,46892797456;190,2358151795358;;;;;;;;;
;;;;15950,47188651068;190,2679475388681;;;;;;;;;
;;;;16050,4748450468;190,3000761456604;;;;;;;;;
;;;;16150,47780358291;190,3322010010197;;;;;;;;;
;;;;16250,48076211903;190,3643221060922;;;;;;;;;
;;;;16350,48372065515;190,3964394618534;;;;;;;;;
;;;;16450,48667919126;190,4285530694122;;;;;;;;;
;;;;16550,48963772738;190,4606629298682;;;;;;;;;
;;;;16650,4925962635;190,492769044319;;;;;;;;;
;;;;16750,49555479961;190,5248714138606;;;;;;;;;
;;;;16850,49851333573;190,5569700395868;;;;;;;;;
;;;;16950,50147187184;190,5890649225899;;;;;;;;;
;;;;17050,50443040796;190,6211560639605;;;;;;;;;
;;;;17150,50738894407;190,6532434647868;;;;;;;;;
;;;;17250,51034748019;190,6853271261557;;;;;;;;;
;;;;17350,5133060163;190,717407049152;;;;;;;;;
;;;;17450,51626455242;190,7494832348588;;;;;;;;;
;;;;17550,51922308853;190,7815556843194;;;;;;;;;
;;;;17650,52218162465;190,813624398731;;;;;;;;;
;;;;17750,52514016076;190,845689379164;;;;;;;;;
;;;;17850,52809869688;190,8777506266943;;;;;;;;;
;;;;17950,53105723299;190,9098081423957;;;;;;;;;
;;;;18050,53401576911;190,9418619273405;;;;;;;;;
;;;;18150,53697430522;190,9739119825989;;;;;;;;;
;;;;18250,53993284134;191,0059583092394;;;;;;;;;
;;;;18350,54289137745;191,0380009083289;;;;;;;;;
;;;;18450,54584991357;191,0700397809321;;;;;;;;;
;;;;18550,54880844968;191,1020749281122;;;;;;;;;
;;;;18650,5517669858;191,1341063509304;;;;;;;;;
;;;;18750,55472552191;191,1661340504463;;;;;;;;;
;;;;18850,55768405803;191,1981580274864;;;;;;;;;
;;;;18950,56064259414;191,2301782838243;;;;;;;;;
;;;;19050,56360113026;191,2621948204713;;;;;;;;;
;;;;19150,56655966637;191,2942076384797;;;;;;;;;
;;;;19250,56951820249;191,3262167388999;;;;;;;;;
;;;;19350,57247673861;191,3582221227803;;;;;;;;;
;;;;19450,57543527472;191,3902237911679;;;;;;;;;
;;;;19550,57839381084;191,4222217451077;;;;;;;;;
;;;;19650,58135234696;191,454215985643;;;;;;;;;
;;;;19750,58431088307;191,4862065138152;;;;;;;;;
;;;;19850,58726941919;191,518193330664;;;;;;;;;
;;;;19950,5902279553;191,5501764372273;;;;;;;;;
;;;;20050,59318649142;191,5821558345414;;;;;;;;;
;;;;20150,59614502753;191,614131522935;;;;;;;;;
;;;;20250,59910356365;191,6461035056307;;;;;;;;;
;;;;20350,60206209976;191,6780717835293;;;;;;;;;
;;;;20450,60502063588;191,7100363576591;;;;;;;;;
;;;;20550,60797917199;191,741997229047;;;;;;;;;
;;;;20650,61093770811;191,7739543988328;;;;;;;;;
;;;;20750,61389624422;191,8059078680389;;;;;;;;;
;;;;20850,61685478034;191,8378576375729;;;;;;;;;
;;;;20950,61981331645;191,8698037084546;;;;;;;;;
;;;;21050,62277185257;191,9017460817019;;;;;;;;;
;;;;21150,62573038868;191,9336847583313;;;;;;;;;
;;;;21250,6286889248;191,9656197393571;;;;;;;;;
;;;;21350,63164746091;191,9975510257921;;;;;;;;;
;;;;21450,63460599703;192,0294786167765;;;;;;;;;
;;;;21550,63756453314;192,0614025192422;;;;;;;;;
;;;;21650,64052306926;192,0933227338513;;;;;;;;;
;;;;21750,64348160537;192,1252392614947;;;;;;;;;
;;;;21850,64644014149;192,1571521031752;;;;;;;;;
;;;;21950,6493986776;192,1890612598936;;;;;;;;;
;;;;22050,65235721372;192,2209667326496;;;;;;;;;
;;;;22150,65531574983;192,2528685224406;;;;;;;;;
;;;;22250,65827428595;192,2847666302626;;;;;;;;;
;;;;22350,66123282207;192,3166610571097;;;;;;;;;
;;;;22450,66419135818;192,3485518039744;;;;;;;;;
;;;;22550,6671498943;192,3804388718474;;;;;;;;;
;;;;22650,67010843041;192,4123222617174;;;;;;;;;
;;;;22750,67306696653;192,4442019698319;;;;;;;;;
;;;;22850,67602550265;192,4760780118934;;;;;;;;;
;;;;22950,67898403876;192,5079503880131;;;;;;;;;
;;;;23050,68194257488;192,5398190991697;;;;;;;;;
;;;;23150,68490111099;192,5716841463406;;;;;;;;;
;;;;23250,68785964711;192,6035455306146;;;;;;;;;
;;;;23350,69081818322;192,6354032529651;;;;;;;;;
;;;;23450,69377671934;192,6672573142514;;;;;;;;;
;;;;23550,69673525545;192,6991077154436;;;;;;;;;
;;;;23650,69969379157;192,7309544575108;;;;;;;;;
;;;;23750,70265232768;192,76279754142;;;;;;;;;
;;;;23850,7056108638;192,7946369681368;;;;;;;;;
;;;;23950,70856939991;192,8264727386239;;;;;;;;;
;;;;24050,71152793603;192,8583048420333;;;;;;;;;
;;;;24150,71448647214;192,8901333159986;;;;;;;;;
;;;;24250,71744500826;192,9219581594184;;;;;;;;;
;;;;24350,72040354437;192,9537793732412;;;;;;;;;
;;;;24450,72336208049;192,985596958302;;;;;;;;;
;;;;24550,7263206166;193,0174109155466;;;;;;;;;
;;;;24650,72927915272;193,0492212459192;;;;;;;;;
;;;;24750,73223768883;193,0810279503622;;;;;;;;;
;;;;24850,73519622495;193,1128310298164;;;;;;;;;
;;;;24950,73815476106;193,1446304852212;;;;;;;;;
;;;;25050,74111329718;193,1764263175137;;;;;;;;;
;;;;25150,74407183329;193,2082185277422;;;;;;;;;
;;;;25250,74703036941;193,2400071168384;;;;;;;;;
;;;;25350,74998890553;193,2717920563719;;;;;;;;;
;;;;25450,75294744164;193,3035734381102;;;;;;;;;
;;;;25550,75590597776;193,3353512576066;;;;;;;;;
;;;;25650,75886451387;193,3671255157689;;;;;;;;;
;;;;25750,76182304999;193,398896213504;;;;;;;;;
;;;;25850,76478158611;193,4306633517166;;;;;;;;;
;;;;25950,76774012222;193,4624269313101;;;;;;;;;
;;;;26050,77069865834;193,4941869531864;;;;;;;;;
;;;;26150,77365719445;193,5259434182454;;;;;;;;;
;;;;26250,77661573057;193,5576963273856;;;;;;;;;
;;;;26350,77957426668;193,5894456816157;;;;;;;;;
;;;;26450,7825328028;193,6211914818303;;;;;;;;;
;;;;26550,78549133891;193,6529337288072;;;;;;;;;
;;;;26650,78844987503;193,6846723512455;;;;;;;;;
;;;;26750,79140841114;193,7164075745834;;;;;;;;;
;;;;26850,79436694726;193,7481393863231;;;;;;;;;
;;;;26950,79732548337;193,7798677873045;;;;;;;;;
;;;;27050,80028401949;193,811592778366;;;;;;;;;
;;;;27150,8032425556;193,8433143603446;;;;;;;;;
;;;;27250,80620109172;193,8750325340758;;;;;;;;;
;;;;27350,80915962783;193,9067473003932;;;;;;;;;
;;;;27450,81211816395;193,9384586601294;;;;;;;;;
;;;;27550,81507670006;193,9701666141153;;;;;;;;;
;;;;27650,81803523618;194,0018711631803;;;;;;;;;
;;;;27750,82099377229;194,0335723081525;;;;;;;;;
;;;;27850,82395230841;194,0652700498467;;;;;;;;;
;;;;27950,82691084452;194,096964210443;;;;;;;;;
;;;;28050,82986938064;194,1286553455966;;;;;;;;;
;;;;28150,83282791675;194,1603434235839;;;;;;;;;
;;;;28250,83578645287;194,1920284451103;;;;;;;;;
;;;;28350,83874498899;194,2237104106609;;;;;;;;;
;;;;28450,8417035251;194,2553893209395;;;;;;;;;
;;;;28550,84466206122;194,2870651766485;;;;;;;;;
;;;;28650,84762059733;194,318737978489;;;;;;;;;
;;;;28750,85057913345;194,350407727161;;;;;;;;;
;;;;28850,85353766957;194,3820744233631;;;;;;;;;
;;;;28950,85649620568;194,4137380677931;;;;;;;;;
;;;;29050,8594547418;194,4453986611471;;;;;;;;;
;;;;29150,86241327791;194,4770562040918;;;;;;;;;
;;;;29250,86537181403;194,5087102558731;;;;;;;;;
;;;;29350,86833035014;194,5403621882863;;;;;;;;;
;;;;29450,87128888626;194,572011921252;;;;;;;;;
;;;;29550,87424742237;194,6036594551937;;;;;;;;;
;;;;29650,87720595849;194,6353047905343;;;;;;;;;
;;;;29750,8801644946;194,6669479276956;;;;;;;;;
;;;;29850,88312303072;194,6985888669902;;;;;;;;;
;;;;29950,88608156683;194,7302276088384;;;;;;;;;
;;;;30050,88904010295;194,7618641536599;;;;;;;;;
;;;;30150,89199863906;194,7934985018734;;;;;;;;;
;;;;30250,89495717518;194,825130653897;;;;;;;;;
;;;;30350,89791571129;194,8567606101479;;;;;;;;;
;;;;30450,90087424741;194,8883883709717;;;;;;;;;
;;;;30550,90383278352;194,9200128456202;;;;;;;;;
;;;;30650,90679131964;194,9516374239846;;;;;;;;;
;;;;30750,90974985575;194,9832619066622;;;;;;;;;
;;;;30850,91270839187;195,0148862935046;;;;;;;;;
;;;;30950,91566692798;195,0465105844703;;;;;;;;;
;;;;31050,9186254641;195,0781347794091;;;;;;;;;
;;;;31150,92158400021;195,1097588780627;;;;;;;;;
;;;;31250,92454253633;195,1413828802802;;;;;;;;;
;;;;31350,92750107245;195,17300678591;;;;;;;;;
;;;;31450,93045960856;195,2046305947997;;;;;;;;;
;;;;31550,93341814468;195,2362543069038;;;;;;;;;
;;;;31650,93637668079;195,2678779220682;;;;;;;;;
;;;;31750,93933521691;195,2995014398567;;;;;;;;;
;;;;31850,94229375303;195,3311221609989;;;;;;;;;
;;;;31950,94525228914;195,3627484683975;;;;;;;;;
;;;;32050,94821082526;195,394379868594;;;;;;;;;
;;;;32150,95116936137;195,4260163607353;;;;;;;;;
;;;;32250,95412789749;195,4576579438597;;;;;;;;;
;;;;32350,9570864336;195,4893046168975;;;;;;;;;
;;;;32450,96004496972;195,5209563788844;;;;;;;;;
;;;;32550,96300350583;195,552613228961;;;;;;;;;
;;;;32650,96596204195;195,5842751661592;;;;;;;;;
;;;;32750,96892057806;195,6159421894033;;;;;;;;;
;;;;32850,97187911418;195,6476142977215;;;;;;;;;
;;;;32950,9748376503;195,6792914901405;;;;;;;;;
;;;;33050,97779618642;195,7109737652522;;;;;;;;;
;;;;33150,98075472254;195,7426544409199;;;;;;;;;
;;;;33250,98371325865;195,7743542627252;;;;;;;;;
;;;;33350,98667179477;195,806072010825;;;;;;;;;
;;;;33450,98963033089;195,8378076859357;;;;;;;;;
;;;;33550,99258886701;195,869561288556;;;;;;;;;
;;;;33650,99554740313;195,9013328191787;;;;;;;;;
;;;;33750,99850593925;195,9331222783952;;;;;;;;;
;;;;33851,00146447537;195,9649296667909;;;;;;;;;
;;;;33951,00442301149;195,996754984944;;;;;;;;;
;;;;34051,00738154761;196,0285982334261;;;;;;;;;
;;;;34151,01034008373;196,060459412802;;;;;;;;;
;;;;34251,01329861984;196,0923385236296;;;;;;;;;
;;;;34351,01625715596;196,1242355655905;;;;;;;;;
;;;;34451,01921569208;196,1561339787726;;;;;;;;;
;;;;34551,0221742282;196,1880851573078;;;;;;;;;
;;;;34651,02513276432;196,2200860885679;;;;;;;;;
;;;;34751,02809130044;196,2521367989267;;;;;;;;;
;;;;34851,03104983656;196,2842373147482;;;;;;;;;
;;;;34951,03400837268;196,3163876623866;;;;;;;;;
;;;;35051,0369669088;196,3485878681862;;;;;;;;;
;;;;35151,03992544491;196,3808379585865;;;;;;;;;
;;;;35251,04288398103;196,4131379599117;;;;;;;;;
;;;;35351,04584251715;196,4454878984766;;;;;;;;;
;;;;35451,04880105327;196,477887800586;;;;;;;;;
;;;;35551,05175958939;196,5103376924303;;;;;;;;;
;;;;35651,05471812551;196,5428375975541;;;;;;;;;
;;;;35751,05767666163;196,5753463840484;;;;;;;;;
;;;;35851,06063519775;196,6079916104868;;;;;;;;;
;;;;35951,06359373387;196,6407658531978;;;;;;;;;
;;;;36051,06655226999;196,6736693366911;;;;;;;;;
;;;;36151,0695108061;196,7067022859693;;;;;;;;;
;;;;36251,07246934222;196,739864926527;;;;;;;;;
;;;;36351,07542787834;196,7731574841398;;;;;;;;;
;;;;36451,07838641446;196,8065801848632;;;;;;;;;
;;;;36551,08134495058;196,8401332552396;;;;;;;;;
;;;;36651,0843034867;196,8738169222958;;;;;;;;;
;;;;36751,08726202282;196,9076314133314;;;;;;;;;
;;;;36851,09022055894;196,9415769559151;;;;;;;;;
;;;;36951,09317909506;196,9756537708517;;;;;;;;;
;;;;37051,09613763118;197,0097592009105;;;;;;;;;
;;;;37151,09909616729;197,0442110194852;;;;;;;;;
;;;;37251,10205470341;197,0789910344623;;;;;;;;;
;;;;37351,10501323953;197,1141007937898;;;;;;;;;
;;;;37451,10797177565;197,1495418548192;;;;;;;;;
;;;;37551,11093031177;197,1853157844409;;;;;;;;;
;;;;37651,11388884789;197,2214241590058;;;;;;;;;
;;;;37751,11684738401;197,2578685643477;;;;;;;;;
;;;;37851,11980592013;197,2946505958006;;;;;;;;;
;;;;37951,12276445625;197,3317718584235;;;;;;;;;
;;;;38051,12572299236;197,3692339665752;;;;;;;;;
;;;;38151,12868152848;197,4070385439078;;;;;;;;;
;;;;38251,1316400646;197,4451872237777;;;;;;;;;
;;;;38351,13459860072;197,4836816490003;;;;;;;;;
;;;;38451,13755713684;197,5225234718023;;;;;;;;;
;;;;38551,14051567296;197,561714353862;;;;;;;;;
;;;;38651,14347420908;197,6012559661075;;;;;;;;;
;;;;38751,1464327452;197,6411499883472;;;;;;;;;
;;;;38851,14939128132;197,681397789532;;;;;;;;;
;;;;38951,15234981744;197,7183068412056;;;;;;;;;
